,0
0,freyberg6.dis
1,freyberg6.dis.grb
2,freyberg6.dis_botm_layer1.txt
3,freyberg6.dis_delc.txt
4,freyberg6.dis_delr.txt
5,freyberg6.dis_idomain_layer1.txt
6,freyberg6.dis_top.txt
7,freyberg6.ghb
8,freyberg6.ghb_stress_period_data_1.txt
9,freyberg6.gwfgwt
10,freyberg6.ic
11,freyberg6.ic_conc_strt_layer1.txt
12,freyberg6.ic_strt_layer1.txt
13,freyberg6.ims
14,freyberg6.lst
15,freyberg6.nam
16,freyberg6.npf
17,freyberg6.npf_icelltype_layer1.txt
18,freyberg6.npf_k33_layer1.txt
19,freyberg6.npf_k_layer1.txt
20,freyberg6.obs
21,freyberg6.oc
22,freyberg6.rch
23,freyberg6.rch_recharge_1.txt
24,freyberg6.rch_recharge_10.txt
25,freyberg6.rch_recharge_11.txt
26,freyberg6.rch_recharge_12.txt
27,freyberg6.rch_recharge_13.txt
28,freyberg6.rch_recharge_14.txt
29,freyberg6.rch_recharge_15.txt
30,freyberg6.rch_recharge_16.txt
31,freyberg6.rch_recharge_17.txt
32,freyberg6.rch_recharge_18.txt
33,freyberg6.rch_recharge_19.txt
34,freyberg6.rch_recharge_2.txt
35,freyberg6.rch_recharge_20.txt
36,freyberg6.rch_recharge_21.txt
37,freyberg6.rch_recharge_22.txt
38,freyberg6.rch_recharge_23.txt
39,freyberg6.rch_recharge_24.txt
40,freyberg6.rch_recharge_25.txt
41,freyberg6.rch_recharge_3.txt
42,freyberg6.rch_recharge_4.txt
43,freyberg6.rch_recharge_5.txt
44,freyberg6.rch_recharge_6.txt
45,freyberg6.rch_recharge_7.txt
46,freyberg6.rch_recharge_8.txt
47,freyberg6.rch_recharge_9.txt
48,freyberg6.sfr
49,freyberg6.sfr_connectiondata.txt
50,freyberg6.sfr_packagedata.txt
51,freyberg6.sfr_perioddata_1.txt
52,freyberg6.sft_package_data.txt
53,freyberg6.sto
54,freyberg6.sto_iconvert_layer1.txt
55,freyberg6.sto_ss_layer1.txt
56,freyberg6.sto_sy_layer1.txt
57,freyberg6.tdis
58,freyberg6.wel
59,freyberg6.wel_stress_period_data_1.txt
60,freyberg6.wel_stress_period_data_10.txt
61,freyberg6.wel_stress_period_data_11.txt
62,freyberg6.wel_stress_period_data_12.txt
63,freyberg6.wel_stress_period_data_13.txt
64,freyberg6.wel_stress_period_data_14.txt
65,freyberg6.wel_stress_period_data_15.txt
66,freyberg6.wel_stress_period_data_16.txt
67,freyberg6.wel_stress_period_data_17.txt
68,freyberg6.wel_stress_period_data_18.txt
69,freyberg6.wel_stress_period_data_19.txt
70,freyberg6.wel_stress_period_data_2.txt
71,freyberg6.wel_stress_period_data_20.txt
72,freyberg6.wel_stress_period_data_21.txt
73,freyberg6.wel_stress_period_data_22.txt
74,freyberg6.wel_stress_period_data_23.txt
75,freyberg6.wel_stress_period_data_24.txt
76,freyberg6.wel_stress_period_data_25.txt
77,freyberg6.wel_stress_period_data_3.txt
78,freyberg6.wel_stress_period_data_4.txt
79,freyberg6.wel_stress_period_data_5.txt
80,freyberg6.wel_stress_period_data_6.txt
81,freyberg6.wel_stress_period_data_7.txt
82,freyberg6.wel_stress_period_data_8.txt
83,freyberg6.wel_stress_period_data_9.txt
84,freyberg6_freyberg.cbc
85,freyberg6_freyberg.hds
86,freyberg_mp.mpbas
87,freyberg_mp.mpnam
88,freyberg_mp.mpsim
89,freyberg_mp.ne_layer1.txt
90,freyberg_mp.ne_layer2.txt
91,freyberg_mp.ne_layer3.txt
92,heads.csv
93,inschek.exe
94,mf5to6.exe
95,mf6.exe
96,mfsim.lst
97,mfsim.nam
98,mp7.exe
99,mult
100,org
101,pestchek.exe
102,pestpp-da.exe
103,pestpp-glm.exe
104,pestpp-ies.exe
105,pestpp-mou.exe
106,pestpp-opt.exe
107,pestpp-sen.exe
108,pestpp-swp.exe
109,pm.pg1.sloc
110,sfr.csv
111,sfr.obs
112,tempchek.exe
113,zbud6.exe
